time,ariana,beja,ben_arous,bizerte,gabes,gafsa,jendouba,kairouan,kasserine,kebili,kef,mahdia,manouba,medenine,monastir,nabeul,sfax,sidi_bouzid,siliana,sousse,tataouine,tozeur,tunis,zaghouan
2026-09-17 00:30:00+01:00,0.0,0.0,0.0,0.0,0.0,0.0,0.0,0.0,0.0,0.0,0.0,0.0,0.0,0.0,0.0,0.0,0.0,0.0,0.0,0.0,0.0,0.0,0.0,0.0
2026-09-17 01:30:00+01:00,0.0,0.0,0.0,0.0,0.0,0.0,0.0,0.0,0.0,0.0,0.0,0.0,0.0,0.0,0.0,0.0,0.0,0.0,0.0,0.0,0.0,0.0,0.0,0.0
2026-09-17 02:30:00+01:00,0.0,0.0,0.0,0.0,0.0,0.0,0.0,0.0,0.0,0.0,0.0,0.0,0.0,0.0,0.0,0.0,0.0,0.0,0.0,0.0,0.0,0.0,0.0,0.0
2026-09-17 03:30:00+01:00,0.0,0.0,0.0,0.0,0.0,0.0,0.0,0.0,0.0,0.0,0.0,0.0,0.0,0.0,0.0,0.0,0.0,0.0,0.0,0.0,0.0,0.0,0.0,0.0
2026-09-17 04:30:00+01:00,0.0,0.0,0.0,0.0,0.0,0.0,0.0,0.0,0.0,0.0,0.0,0.0,0.0,0.0,0.0,0.0,0.0,0.0,0.0,0.0,0.0,0.0,0.0,0.0
2026-09-17 05:30:00+01:00,0.0,0.0,0.0,0.0,0.0,0.0,0.0,0.0,0.0,0.0,0.0,0.0,0.0,0.0,0.0,0.0,0.0,0.0,0.0,0.0,0.0,0.0,0.0,0.0
2026-09-17 06:30:00+01:00,0.560186586701552,0.3896196725751056,0.4852227247669038,0.5731697286378007,0.5083983284580147,0.39964231989025445,0.3654743050595272,0.8291492408516802,0.5165980565891125,0.20783492564706962,0.1804186078412928,0.44585737173731416,0.42873770034039876,0.9336903136708646,0.6741836272684889,0.8402764841519753,1.3569133102802764,0.575049611496556,0.26922695064334023,1.296827034459604,0.3792773245082966,0.10846520923615778,0.9955436353003001,0.2604342201004629
2026-09-17 07:30:00+01:00,4.080248153844963,2.351528202985762,5.911459085069473,3.742163265022952,2.8934207353221466,2.837769905775522,2.486827381344706,3.805721962429329,4.073125027540906,1.7688119477387736,1.174986662109277,3.1336542500191715,2.796057854058412,4.638355652296655,3.25184564757823,3.0263823439582995,5.822014913218775,3.8328092722715286,1.2745589694701478,6.713604850640313,1.8304853575894746,0.9805942806670411,8.106474461021623,1.1553210011341533
2026-09-17 08:30:00+01:00,8.956794831813587,5.268968184925441,11.001057943994315,9.437751312705032,6.045405612764667,5.452688161969625,4.909937408496071,8.191492482407188,8.64077805160778,3.8569281049451303,3.0152419853452583,6.194247784463871,5.611377526211436,9.537793420355738,7.8066414356479985,11.197540857304585,13.204489017946694,8.593016597563874,3.4920615365429217,13.348041828435411,3.533901616834432,1.9704796467807748,16.24268400810064,2.4922319805502124
2026-09-17 09:30:00+01:00,15.078551971026936,7.181313238343111,16.196869404764325,14.952397457510461,8.435773125250869,8.094619313821507,8.724499969427649,13.500141139977297,11.295321607568386,5.347008421397075,5.454428963979052,8.48947886904014,8.495443880973074,13.06393029404682,13.316397591124426,18.8023287092495,17.90657516234614,12.724926802711066,3.97578772634837,16.94009727129654,4.773944177981389,2.4758881324642767,26.25285767542635,4.418383200327479
2026-09-17 10:30:00+01:00,17.769373378794302,8.377338042338987,19.77317380189343,16.793076610678646,10.29523968132778,11.442762259193954,9.408287241421844,17.290804965289457,14.563848810426688,6.419953844434253,5.573586013874394,13.247992895262431,10.730323354719651,14.877091897008148,15.767292661611272,19.83115112940883,23.31034455156643,16.41025994041593,5.916616979613213,20.235950630545354,5.1145809882230875,3.37432853195735,31.57143293511148,6.033527838822967
2026-09-17 11:30:00+01:00,19.857509647847028,10.665570097493141,24.043563911921662,19.55102852047283,11.951333675825277,14.253427727393957,11.794207097146451,19.09137771767948,19.077326803901602,6.933052099984359,7.600676020373097,14.710133517127952,12.812304662576373,16.99999522165145,20.436607795783193,28.44221430961153,29.067638814316332,18.584895963093853,8.02597148046772,25.127350167722682,5.39312038604361,3.793445399276904,37.01018431909505,6.884192938461685
2026-09-17 12:30:00+01:00,20.167063259027483,11.104965975399509,23.197997474530574,19.63382615730981,11.939907016037825,13.91082545856876,13.243381386808009,21.75576569156124,19.21830507207415,6.803911514971592,9.567885552518552,13.745648011810792,13.460798693783744,17.46649436004136,19.987088678387927,32.393693152727096,30.146539916475486,19.13279434370284,8.930491416850629,22.174421238653867,5.359691993702206,3.1237935523048495,37.6654674234293,7.206156501506113
2026-09-17 13:30:00+01:00,18.596047447809916,10.560970482160991,19.577638344735373,20.3641633114055,11.153569057086493,11.946193361962772,12.434759685615342,19.668584895045264,17.12765413982671,6.424219451932441,8.408741789592538,11.897610205774315,12.659786003857956,17.201742581296923,19.52236078389791,30.06977696428824,30.845708542990423,17.37955430540188,5.806542613455963,23.913277369952304,4.940572787344647,3.2061087936666106,35.25448741445995,6.466500208350365
2026-09-17 14:30:00+01:00,15.62530599228094,7.753392093929633,12.388962004321138,16.70220342358586,10.100213890134127,10.08052398224989,11.074924507370051,16.921201816131866,13.386334155424544,5.248357343668584,6.964307330418471,12.734797414249199,10.326783942913039,16.18574585503286,17.978496759291932,23.312086182953028,31.780939443024433,15.139542855427944,5.311030394283739,19.153628095315486,3.2760970127474667,3.021742620815957,27.970207972314792,3.3167979441413418
2026-09-17 15:30:00+01:00,8.274854691942899,5.495135334154538,7.463777634791276,13.462199706604126,9.145357519450311,8.704081209062604,8.455826761008645,10.379029624911912,11.543490848308416,3.730912197519886,5.8982785149958294,8.019679331547948,4.824831833639467,12.643593401339132,11.011528584275887,14.238611516383715,24.873174668893107,11.232724763920444,2.5819543455234824,11.033514791929418,2.5599348551979633,2.5537233475116556,13.71404063090273,2.223135595834833
2026-09-17 16:30:00+01:00,5.097686168140776,3.089911424697917,5.163148950927061,5.531707482546664,6.6479800874014385,5.751513136431786,6.536366897671173,4.522128837769038,7.200592192695653,1.7698024847273484,3.3077374444389296,4.435031313060419,3.500885623970972,8.343853622651078,5.176415654252264,5.206223270815017,15.06475207756139,6.367375223155064,2.3504672044803865,6.164344849707649,1.444015747811468,1.7415111983057545,9.214233938694974,1.6120255537438843
2026-09-17 17:30:00+01:00,1.6514201774843718,1.3607056888512685,1.7854684504541485,1.8769623060512204,2.343452250540126,2.2562815711114714,2.7189748640888283,1.252954949153041,1.8796716413788912,0.7070119003823321,2.061568875343393,1.8559174910119616,1.0678537524022689,3.077687213363222,1.9614024159355312,2.3187894989508173,4.94193168794505,1.9984778234449507,0.931687558224129,2.0103745485654385,0.49535036225805806,0.7500045108999029,2.947836231711474,0.5069903791420989
2026-09-17 18:30:00+01:00,0.0,0.0,0.0,0.0,0.0,0.0,0.0,0.0,0.0,0.0,0.0,0.0,0.0,0.0,0.0,0.0,0.0,0.0,0.0,0.0,0.0,0.011302072259799184,0.0,0.0
2026-09-17 19:30:00+01:00,0.0,0.0,0.0,0.0,0.0,0.0,0.0,0.0,0.0,0.0,0.0,0.0,0.0,0.0,0.0,0.0,0.0,0.0,0.0,0.0,0.0,0.0,0.0,0.0
2026-09-17 20:30:00+01:00,0.0,0.0,0.0,0.0,0.0,0.0,0.0,0.0,0.0,0.0,0.0,0.0,0.0,0.0,0.0,0.0,0.0,0.0,0.0,0.0,0.0,0.0,0.0,0.0
2026-09-17 21:30:00+01:00,0.0,0.0,0.0,0.0,0.0,0.0,0.0,0.0,0.0,0.0,0.0,0.0,0.0,0.0,0.0,0.0,0.0,0.0,0.0,0.0,0.0,0.0,0.0,0.0
2026-09-17 22:30:00+01:00,0.0,0.0,0.0,0.0,0.0,0.0,0.0,0.0,0.0,0.0,0.0,0.0,0.0,0.0,0.0,0.0,0.0,0.0,0.0,0.0,0.0,0.0,0.0,0.0
2026-09-17 23:30:00+01:00,0.0,0.0,0.0,0.0,0.0,0.0,0.0,0.0,0.0,0.0,0.0,0.0,0.0,0.0,0.0,0.0,0.0,0.0,0.0,0.0,0.0,0.0,0.0,0.0
2026-09-18 00:30:00+01:00,0.0,0.0,0.0,0.0,0.0,0.0,0.0,0.0,0.0,0.0,0.0,0.0,0.0,0.0,0.0,0.0,0.0,0.0,0.0,0.0,0.0,0.0,0.0,0.0
2026-09-18 01:30:00+01:00,0.0,0.0,0.0,0.0,0.0,0.0,0.0,0.0,0.0,0.0,0.0,0.0,0.0,0.0,0.0,0.0,0.0,0.0,0.0,0.0,0.0,0.0,0.0,0.0
2026-09-18 02:30:00+01:00,0.0,0.0,0.0,0.0,0.0,0.0,0.0,0.0,0.0,0.0,0.0,0.0,0.0,0.0,0.0,0.0,0.0,0.0,0.0,0.0,0.0,0.0,0.0,0.0
2026-09-18 03:30:00+01:00,0.0,0.0,0.0,0.0,0.0,0.0,0.0,0.0,0.0,0.0,0.0,0.0,0.0,0.0,0.0,0.0,0.0,0.0,0.0,0.0,0.0,0.0,0.0,0.0
2026-09-18 04:30:00+01:00,0.0,0.0,0.0,0.0,0.0,0.0,0.0,0.0,0.0,0.0,0.0,0.0,0.0,0.0,0.0,0.0,0.0,0.0,0.0,0.0,0.0,0.0,0.0,0.0
2026-09-18 05:30:00+01:00,0.0,0.0,0.0,0.0,0.0,0.0,0.0,0.0,0.0,0.0,0.0,0.0,0.0,0.0,0.0,0.0,0.0,0.0,0.0,0.0,0.0,0.0,0.0,0.0
2026-09-18 06:30:00+01:00,0.8294745144138144,0.42285932512551355,1.199275856499013,0.7299910971839906,0.505301949199086,0.3983665672225872,0.4813398127089695,0.8070189284838999,0.519526395167845,0.23146144256092296,0.2500846556940888,0.7327399853196229,0.5649843829103486,0.8719139612298534,0.8841262701675422,1.4014341308389016,1.526391755238845,0.6250745010441486,0.2501485925212253,1.4075882338306158,0.33910614675146333,0.11929892555524088,1.6602411580860763,0.21584998707785874
2026-09-18 07:30:00+01:00,4.802160651246699,3.4937551090205177,7.327816511301861,3.909617619582327,2.2639340107498533,3.5543831807820707,2.97302169222508,4.437251539396795,4.932973471041756,1.7471745641392515,1.6390275042852842,3.9028560052245536,3.0505356187060935,4.3429259911729305,4.034647532384042,6.965052755962144,7.0415903458931455,3.8825500642111366,1.2719418152135062,7.4300574241240325,2.137184530432117,0.9704548531169406,9.26606876198278,1.5924210123564921
2026-09-18 08:30:00+01:00,11.930668140217362,6.704472227534658,15.904426933143657,9.298846892927155,4.606158697187726,7.1230138118579465,5.318886078979823,9.165856014434853,9.29753745217108,3.4337099040611836,3.5578324318246595,7.356476686332557,6.885936195733765,8.90061162089808,8.674595394453537,15.488732381822016,12.897968822495367,8.36786403035169,3.683565769548444,13.473629699897712,3.714942872274757,2.028904957244115,21.974687685415727,3.6468720389963103
2026-09-18 09:30:00+01:00,17.386409664687513,8.277127252103728,20.50242875395137,14.847459001725305,7.043976604072909,10.244248203982817,8.908621886783935,14.773237074761163,13.583172530555837,4.84884152486514,5.448526569420905,10.274622520122174,10.001880943714935,12.340815243392115,13.432236299287593,24.525414797959776,19.889874214253858,12.810537209940865,6.10736263128278,19.613502463374676,4.79600982930072,3.1071185751338257,31.329389515707685,5.096110150865815
2026-09-18 10:30:00+01:00,20.838520345615237,8.861469659481907,23.099467736838413,17.364387015782366,9.073138023326369,12.856817988668977,10.493260740098247,19.58021208669461,15.467224107862855,5.486704308708459,6.7719755612122885,13.574755006453643,12.380017606696441,13.25109922278746,17.383173312399407,30.49303881608582,24.192987117529277,15.113085579232672,7.979528095736763,25.587469564109785,4.7575246796831365,3.5774124245653596,37.43847928027025,5.924236812661956
2026-09-18 11:30:00+01:00,22.943884763098012,9.75294015956661,25.08702009348309,20.551839912199824,11.510899476366895,13.54947081803988,13.007732192941457,21.450676620110375,16.319530839658288,5.754341306268203,8.26263692399998,14.43112413668739,14.229476666700071,14.398115466264487,20.556491184264114,33.06202024406688,30.4405358136834,17.176052876660354,8.761254643545243,26.271871642252272,5.016085768630857,3.3115442059152103,41.71786391831193,6.840581120917531
2026-09-18 12:30:00+01:00,22.672268028758307,11.845243958673828,25.099729122530103,17.639035919889917,11.254903754699104,10.35319431972507,14.845165230526302,22.508288949719123,17.58669297350716,6.266009375313236,8.222216545752394,14.056927065768845,14.505403176219051,13.215169343127169,19.640623162431467,32.468953256061546,32.564852888145836,18.204400090244338,7.989029087114804,23.72892070537029,5.187688632846287,3.431436754510391,42.11983322950812,7.473228448657706
2026-09-18 13:30:00+01:00,20.64097859304951,11.301393471498878,23.019544880759923,20.126932773595083,10.580088621919957,10.60351935024372,14.805855750177669,22.4424651902749,13.538817495643835,6.296985682617512,8.034276555413975,11.541596697498816,13.640106316751272,11.663004097643022,18.031064238732966,31.0743534482965,33.05729616614893,13.781792568925075,5.392234961356223,22.804518124823954,4.221467245563636,3.4157277117282288,37.66472632932343,6.938750530671896
2026-09-18 14:30:00+01:00,18.42836262019708,9.95896035758406,16.547135647750636,19.211699059358132,10.600403821624868,9.043598187232817,13.456958846478084,15.994123752261629,9.942976495696469,5.41618950956476,5.72937752285986,11.495584316793366,11.713594504142922,12.741580181952438,18.39188536995271,23.166097552896463,22.73720503200393,7.899354925144807,3.4777790458701694,19.57447436990879,3.9021442215608615,3.4502281128611196,31.697583560839952,3.846503240734988
2026-09-18 15:30:00+01:00,11.521360122726106,6.468220188144777,8.800081000481251,13.959990329303222,8.826374325579925,7.498093341108079,6.474811760180352,9.818171978651344,9.925958768721978,3.337106780990938,2.867459464248644,7.060232203335309,7.160178979875541,10.295064834082815,11.597036871239464,11.849047839772766,19.454031962269596,6.319824388887563,3.2452320325604584,12.531663028383244,2.792172747956075,2.714866526279545,18.86265864700563,2.1600645452678986
2026-09-18 16:30:00+01:00,5.534823015212727,1.9065788872134455,5.085556674557051,4.982104820637191,5.548722092609715,4.469809329820311,4.688621706699586,4.448066389375858,5.473871212761983,2.069047799043473,1.709074612332189,4.115751212679564,3.5180452137878278,6.833000704656518,3.613501480029709,6.100487023002633,13.65926375298537,5.096923880190945,2.062601750842273,5.385408196857899,1.7663299878491214,1.4731839596430316,9.761321881439109,1.3103451835764466
2026-09-18 17:30:00+01:00,1.799955739947339,1.0264171115190168,2.029178517307174,1.436819566215108,1.893418613206259,1.5699639026087486,2.1710148195246957,2.446962522479633,1.5089822102998394,0.633841543101723,0.9571386376782851,1.4635818936319953,1.19715026508581,2.55680468824659,1.458236153062442,2.4550996489268755,4.115457041932315,2.449819855399453,1.0678500376949915,1.6648219009509624,0.5102358428333486,0.367913902522134,3.331148206154249,0.6888233764100756
2026-09-18 18:30:00+01:00,0.0,0.0,0.0,0.0,0.0,0.0,0.0,0.0,0.0,0.0,0.0,0.0,0.0,0.0,0.0,0.0,0.0,0.0,0.0,0.0,0.0,0.0,0.0,0.0
2026-09-18 19:30:00+01:00,0.0,0.0,0.0,0.0,0.0,0.0,0.0,0.0,0.0,0.0,0.0,0.0,0.0,0.0,0.0,0.0,0.0,0.0,0.0,0.0,0.0,0.0,0.0,0.0
2026-09-18 20:30:00+01:00,0.0,0.0,0.0,0.0,0.0,0.0,0.0,0.0,0.0,0.0,0.0,0.0,0.0,0.0,0.0,0.0,0.0,0.0,0.0,0.0,0.0,0.0,0.0,0.0
2026-09-18 21:30:00+01:00,0.0,0.0,0.0,0.0,0.0,0.0,0.0,0.0,0.0,0.0,0.0,0.0,0.0,0.0,0.0,0.0,0.0,0.0,0.0,0.0,0.0,0.0,0.0,0.0
2026-09-18 22:30:00+01:00,0.0,0.0,0.0,0.0,0.0,0.0,0.0,0.0,0.0,0.0,0.0,0.0,0.0,0.0,0.0,0.0,0.0,0.0,0.0,0.0,0.0,0.0,0.0,0.0
2026-09-18 23:30:00+01:00,0.0,0.0,0.0,0.0,0.0,0.0,0.0,0.0,0.0,0.0,0.0,0.0,0.0,0.0,0.0,0.0,0.0,0.0,0.0,0.0,0.0,0.0,0.0,0.0
2026-09-19 00:30:00+01:00,0.0,0.0,0.0,0.0,0.0,0.0,0.0,0.0,0.0,0.0,0.0,0.0,0.0,0.0,0.0,0.0,0.0,0.0,0.0,0.0,0.0,0.0,0.0,0.0
2026-09-19 01:30:00+01:00,0.0,0.0,0.0,0.0,0.0,0.0,0.0,0.0,0.0,0.0,0.0,0.0,0.0,0.0,0.0,0.0,0.0,0.0,0.0,0.0,0.0,0.0,0.0,0.0
2026-09-19 02:30:00+01:00,0.0,0.0,0.0,0.0,0.0,0.0,0.0,0.0,0.0,0.0,0.0,0.0,0.0,0.0,0.0,0.0,0.0,0.0,0.0,0.0,0.0,0.0,0.0,0.0
2026-09-19 03:30:00+01:00,0.0,0.0,0.0,0.0,0.0,0.0,0.0,0.0,0.0,0.0,0.0,0.0,0.0,0.0,0.0,0.0,0.0,0.0,0.0,0.0,0.0,0.0,0.0,0.0
2026-09-19 04:30:00+01:00,0.0,0.0,0.0,0.0,0.0,0.0,0.0,0.0,0.0,0.0,0.0,0.0,0.0,0.0,0.0,0.0,0.0,0.0,0.0,0.0,0.0,0.0,0.0,0.0
2026-09-19 05:30:00+01:00,0.0,0.0,0.0,0.0,0.0,0.0,0.0,0.0,0.0,0.0,0.0,0.0,0.0,0.0,0.0,0.0,0.0,0.0,0.0,0.0,0.0,0.0,0.0,0.0
2026-09-19 06:30:00+01:00,0.5493416440254194,0.2704308730474592,0.7490245419475751,0.48030336726356904,0.18589353921971516,0.3776851759441153,0.1857074196281025,0.3818762868811862,0.5113967063905799,0.16889907573651927,0.2096990350588078,0.30094710236212424,0.39489054281366015,0.2370034082696462,0.06332436677214116,1.0046431877455329,0.4675971360084893,0.5514644712002345,0.22521032068958668,0.08280842390415444,0.10754946661682217,0.09095570492601109,1.0610981935113244,0.12901998665664205
2026-09-19 07:30:00+01:00,4.087993760370978,1.3041748739137484,5.157133957892671,3.4921194304794745,1.8211599868549164,3.303963185920505,2.3157541003643902,3.3977937807590965,4.616429621231743,1.0900050342019532,1.6127417121323955,1.7112457080315748,2.6682131313046513,1.712061468066865,1.4654973508880704,4.251080954377387,2.065349495594283,3.3450212722818833,1.3084080906052007,2.1686082758679643,0.372250114837223,1.0428634547599456,7.677000622557841,0.9314591035187204
2026-09-19 08:30:00+01:00,9.218992936684177,3.9060538782693737,11.774552917986293,8.92573954377448,2.393406419383202,6.5449947856363595,6.702877674430131,7.1406890099464775,9.014137968544293,2.5343783198934338,4.097116888398359,2.5662623545756906,5.599147050424765,3.3841411575668094,3.3110154305305897,9.79473812537347,3.0905400896368054,6.360503140145387,3.699011314702752,5.026919223522862,0.7124915038227787,1.9841592525067766,16.425762260789387,1.6667303316459336
2026-09-19 09:30:00+01:00,15.311158475171093,8.011556755651405,15.659401336954678,13.297883426918341,5.605911621102274,10.708238398153444,11.026993475239651,13.162387339520581,11.869089829947232,4.7868426862135856,4.839206018510713,3.6411142000911836,9.019674240351488,5.3855345489720925,5.16389859742293,8.596795543053108,5.6992032185805535,10.668356411564059,5.877145034814889,8.504992074722685,1.3288813439539897,2.7330571048090997,26.26662083539553,3.6831064516352208
2026-09-19 10:30:00+01:00,18.187865301606063,11.64598158868915,19.10674323391912,15.586384430120756,10.143115780907559,12.9548337014644,10.666179117937665,18.71519938846153,15.726287176725988,6.266863467370887,7.387939108787693,5.202135172119092,10.974788384357296,6.291171383933007,8.536956660744211,12.167465393591534,16.386673530367233,15.266348373156378,7.781360487551982,11.044624062373094,3.110656790060436,3.54855584869434,31.425089441312675,4.841635448126511
2026-09-19 11:30:00+01:00,20.394140247469807,13.013062362000873,22.9870282223907,18.493426973572266,12.00120484598042,13.891069826510739,10.832171619137497,16.993403313767818,17.10432686920219,6.875260885289791,8.165781443040398,7.031674748875595,12.646314539527546,10.76333215605007,10.90351299806519,17.27586425549524,30.360721483992776,15.864641903967874,7.056082072485659,17.913523698106154,4.101848737979467,4.168687463564626,38.22634856498279,5.9235415986766276
2026-09-19 12:30:00+01:00,23.84418766560584,10.16025614162565,22.125102413164047,19.851232411472527,13.157393633130747,14.524000018127506,14.404693774781759,17.798862491940966,17.82214056472989,7.005198106185634,7.21894613084488,12.616132723829537,14.200127647215032,17.931499396948603,18.613117139399698,25.17086048300346,27.907013417098312,16.691223159955854,8.03492741765334,22.452058562267364,4.511591926562323,4.401044754105903,41.54369854776361,5.996664216318737
2026-09-19 13:30:00+01:00,17.98175746042312,9.469179979547809,16.024903177665728,17.6911626442821,13.504710622727474,13.192219380073029,13.631464492594539,19.943953148694423,16.556488373284875,6.438867277836832,6.973350592181458,10.999075776229954,10.737806834536189,17.878258854580896,16.329120523039006,24.60539518322131,31.41427762826459,16.75612684029211,6.889421542550025,15.348204291926905,5.342220093910226,4.349883788427681,29.922161361673055,5.7006993852968435
2026-09-19 14:30:00+01:00,13.212488931200783,7.887635630972847,10.455642290372722,16.92220522835041,11.729579191798983,11.156366929285218,11.127890005593937,17.7715970235922,13.558684659912636,5.265585525748342,7.477006101037464,9.933476527052516,7.816002228449817,15.281850995884184,14.964134745860937,21.94894470285166,28.690529879075246,14.147916424483,6.12640145686899,15.81676935994294,4.351851966451533,3.8800769585989197,20.447859796496274,4.301784077992429
2026-09-19 15:30:00+01:00,12.5876346613103,6.043571211405823,12.122186518618072,11.817653122876985,7.846362102539937,8.549291187828182,8.454510238596741,13.040167345427061,9.50083085975164,3.432864336911999,5.020778285460198,9.28559439968029,7.954508208606136,11.495917125687091,12.265836217788987,17.134371375183107,21.423098783458038,10.946354609988296,2.983944128595537,13.257274433703623,2.503418100056432,2.8690947088995378,22.429962483200097,3.6782565325553334
2026-09-19 16:30:00+01:00,7.885280949277072,3.271070107404011,6.469861628389282,7.547705101711146,4.536425370499626,5.07514559904339,6.337994468039343,9.410926802493949,6.190157003849682,1.6863471233730578,2.7438721714631877,6.1767995368132675,5.6904223462436265,5.347157190729824,9.191103787775527,9.941864572128033,13.991554421010674,6.5518691274868734,2.3607693777841154,7.147842769713674,1.5507597437466953,1.5020870159508266,15.006197692742722,1.9681078674682655
2026-09-19 17:30:00+01:00,2.650538849498509,1.254970797922464,2.3361877121581256,3.0351916248858086,1.208615024004143,1.5040807702193812,1.963703584187245,3.7860128880945947,2.0437487156047394,0.5822755766279513,0.9549519371386325,2.015606380396122,1.921121681823301,1.462539277557859,3.157839987869997,2.716731167896449,4.389214086521397,2.1967421593253267,0.71147038973601,2.1247985850622,0.5230904230924864,0.5332469027043689,4.845251622458289,0.8224376115773532
2026-09-19 18:30:00+01:00,0.0,0.0,0.0,0.0,0.0,0.0,0.0,0.0,0.0,0.0,0.0,0.0,0.0,0.0,0.0,0.0,0.0,0.0,0.0,0.0,0.0,0.0,0.0,0.0
2026-09-19 19:30:00+01:00,0.0,0.0,0.0,0.0,0.0,0.0,0.0,0.0,0.0,0.0,0.0,0.0,0.0,0.0,0.0,0.0,0.0,0.0,0.0,0.0,0.0,0.0,0.0,0.0
2026-09-19 20:30:00+01:00,0.0,0.0,0.0,0.0,0.0,0.0,0.0,0.0,0.0,0.0,0.0,0.0,0.0,0.0,0.0,0.0,0.0,0.0,0.0,0.0,0.0,0.0,0.0,0.0
2026-09-19 21:30:00+01:00,0.0,0.0,0.0,0.0,0.0,0.0,0.0,0.0,0.0,0.0,0.0,0.0,0.0,0.0,0.0,0.0,0.0,0.0,0.0,0.0,0.0,0.0,0.0,0.0
2026-09-19 22:30:00+01:00,0.0,0.0,0.0,0.0,0.0,0.0,0.0,0.0,0.0,0.0,0.0,0.0,0.0,0.0,0.0,0.0,0.0,0.0,0.0,0.0,0.0,0.0,0.0,0.0
2026-09-19 23:30:00+01:00,0.0,0.0,0.0,0.0,0.0,0.0,0.0,0.0,0.0,0.0,0.0,0.0,0.0,0.0,0.0,0.0,0.0,0.0,0.0,0.0,0.0,0.0,0.0,0.0
2026-09-20 00:30:00+01:00,0.0,0.0,0.0,0.0,0.0,0.0,0.0,0.0,0.0,0.0,0.0,0.0,0.0,0.0,0.0,0.0,0.0,0.0,0.0,0.0,0.0,0.0,0.0,0.0
2026-09-20 01:30:00+01:00,0.0,0.0,0.0,0.0,0.0,0.0,0.0,0.0,0.0,0.0,0.0,0.0,0.0,0.0,0.0,0.0,0.0,0.0,0.0,0.0,0.0,0.0,0.0,0.0
2026-09-20 02:30:00+01:00,0.0,0.0,0.0,0.0,0.0,0.0,0.0,0.0,0.0,0.0,0.0,0.0,0.0,0.0,0.0,0.0,0.0,0.0,0.0,0.0,0.0,0.0,0.0,0.0
2026-09-20 03:30:00+01:00,0.0,0.0,0.0,0.0,0.0,0.0,0.0,0.0,0.0,0.0,0.0,0.0,0.0,0.0,0.0,0.0,0.0,0.0,0.0,0.0,0.0,0.0,0.0,0.0
2026-09-20 04:30:00+01:00,0.0,0.0,0.0,0.0,0.0,0.0,0.0,0.0,0.0,0.0,0.0,0.0,0.0,0.0,0.0,0.0,0.0,0.0,0.0,0.0,0.0,0.0,0.0,0.0
2026-09-20 05:30:00+01:00,0.0,0.0,0.0,0.0,0.0,0.0,0.0,0.0,0.0,0.0,0.0,0.0,0.0,0.0,0.0,0.0,0.0,0.0,0.0,0.0,0.0,0.0,0.0,0.0
2026-09-20 06:30:00+01:00,0.8227628910577515,0.3967439486675075,1.1593835238277248,0.4825122300908411,0.527951928258304,0.39395547819763954,0.38950148563114056,0.7734388473337188,0.5334480619280271,0.18579113657787527,0.19506347404713123,0.7720868837594852,0.5590965613591361,0.8346641274990533,0.8271987074848164,1.4133544945582397,1.48559742363044,0.5960019415164733,0.2255614987648894,0.7953194364153048,0.32911737124395823,0.09118228849830647,1.5746709519333242,0.23310195364199976
2026-09-20 07:30:00+01:00,5.029939500136359,3.067246234647644,7.659155010456428,3.2469129790801055,3.144364547974508,3.45617348966517,2.9156902842933476,3.829388455957888,4.747897734950311,2.0674432279670216,1.406218024924244,3.509384176732121,3.095292231668585,4.781295844487757,3.4741266150333154,7.056286661088894,9.133434595200013,4.175866652380371,1.360194264815515,3.299148361424343,2.2264543839450157,1.0703252946823958,9.789406575606458,1.3982742800722412
2026-09-20 08:30:00+01:00,10.257805283951432,4.949711581213392,13.683164214586675,8.021683028187176,6.788362612308576,7.313810093241696,6.704429570998305,8.428180134596078,10.07022839882164,4.039311254572069,3.065662054833286,7.9866710964013485,6.187883457496149,10.048713661998855,8.224259928057641,15.98293559351338,20.155076671109388,9.0728015014167,3.325432225043181,13.889971570112202,4.074211985835896,2.150648862342721,19.40798008404974,3.204280694564018
2026-09-20 09:30:00+01:00,13.336652938183432,6.8087579576068,17.06507020337756,11.781853690111436,10.47448537371292,10.736990877319723,10.124753083916833,13.555343512860619,14.626866778205578,5.581321031220815,5.793517007829007,9.879329415721584,8.154295862981051,14.758118068906931,13.787871268912959,20.345159879313393,29.15399990609333,13.472366428354507,5.346330419473653,18.996012082326033,5.4454446970452945,3.2769563436956197,25.734245589290786,4.454315582533032
2026-09-20 10:30:00+01:00,17.33815811713398,9.70071680197277,21.502801703114557,14.1852362779651,13.740505381183842,13.09911873988637,12.890246078505525,16.632743216771267,16.932874865797327,6.584400763198605,7.978605837192187,13.484769366852582,11.184338429966921,18.145552305448145,15.949590191569538,25.727266505024698,33.5305654604892,14.948423929608376,6.966157135866727,20.314126467969608,6.231748914381039,4.0688840398765,33.07074327471441,5.88804844662256
2026-09-20 11:30:00+01:00,21.298762372757114,9.842343837091345,23.53725699892686,13.24887275321385,15.82068346336018,14.283752475026978,13.605664698563324,21.355233791860474,18.058010665991112,7.019569164069137,8.59734735324815,14.167569039630516,13.747858875922509,19.3827796984617,19.70491466703149,28.30247312459589,35.59954954680211,16.919559477693724,8.463101071282127,24.451794911006367,6.391338326960174,4.4929496570752265,39.771486421394826,6.028105592627196
2026-09-20 12:30:00+01:00,17.036771978241553,9.022627509602428,21.21984269301238,13.934211895175247,16.316832455110944,14.343355396217651,13.08471273317267,22.095548257757688,17.05741473988838,6.97673558035635,8.804448664418848,13.751994922345279,11.78542508735946,19.116395292571585,19.992465391079488,25.170910935159885,33.72500401247749,17.78203424381316,7.854694621229245,22.30343731678497,6.427998777850242,4.56055039303168,33.31559381045214,5.68048303320823
2026-09-20 13:30:00+01:00,13.49657561846835,8.90723977702565,17.16074216053136,12.165003996527537,15.75352858573445,13.0338641843763,16.120962829358408,21.13273362175977,16.095950472916748,6.473640995991499,8.303955502097782,13.002918972822723,8.45546646512194,18.54536050911903,19.01271903007035,20.50915591193141,36.1804990069931,16.085184139947774,7.3131812454202,21.067139663813872,5.96715089693679,4.308696902700182,25.970112552199428,3.744357433506183
2026-09-20 14:30:00+01:00,10.293517161558741,7.138934877536075,12.434623218111618,8.36352092214425,13.99993422957881,9.540993288240552,14.678874944902953,19.324060504075128,10.22021633302853,5.507992592203383,7.795385998048998,11.676175665186193,6.171232870022916,16.269813058467765,17.45685833108477,15.749631399287424,29.535161216038322,13.83546058861919,5.146246361392983,18.19633373212534,4.956573434060548,3.6097860714260306,19.089028859265003,3.5529895451525264
2026-09-20 15:30:00+01:00,6.400888673371173,6.873857422651731,8.447410481959295,7.391786413388098,10.979296542472278,5.49320199975159,12.30074104376177,11.86112660504624,5.0952056226496,4.040081484440474,6.477399983506261,9.012740523951944,4.1371443430199895,12.757501909757348,12.406255383596136,9.268001575916314,21.867473796307642,6.865372848166466,5.466079326993973,11.556128466062837,3.5344150638565037,2.7323474068670963,12.817454307742885,4.252933508487709
2026-09-20 16:30:00+01:00,4.072188759746827,4.085896490770152,3.730302937403665,4.087922504947672,6.782392153975627,5.225547023051477,7.884588760499694,5.595795870038524,5.025561977875022,2.21309654127747,4.69158545211158,4.828547981611117,2.7237164272318704,8.21609281874577,6.64093635544869,5.010057190951886,10.77280292384389,2.9337092538671934,3.295089731353761,6.366642496616659,1.834173930187036,1.7125972262582754,7.350403920766979,2.049796381514977
2026-09-20 17:30:00+01:00,1.4117737336734077,1.417141013224357,1.3724619539909981,1.358374602966314,1.9684717714838222,2.0573906923146517,3.068661654087129,2.231286103448829,1.8707513584311293,0.6684934102160779,2.037309011838095,1.5761030641220652,0.9535981135505417,2.734545533577007,1.6864881839076786,2.050103927335589,3.2071643300971755,1.6321201258882472,1.3984680359215165,2.1149153088687282,0.4957299818500323,0.7626747857863134,2.5676457267495043,0.5073173599349394
2026-09-20 18:30:00+01:00,0.0,0.0,0.0,0.0,0.0,0.0,0.0,0.0,0.0,0.0,0.0,0.0,0.0,0.0,0.0,0.0,0.0,0.0,0.0,0.0,0.0,0.0,0.0,0.0
2026-09-20 19:30:00+01:00,0.0,0.0,0.0,0.0,0.0,0.0,0.0,0.0,0.0,0.0,0.0,0.0,0.0,0.0,0.0,0.0,0.0,0.0,0.0,0.0,0.0,0.0,0.0,0.0
2026-09-20 20:30:00+01:00,0.0,0.0,0.0,0.0,0.0,0.0,0.0,0.0,0.0,0.0,0.0,0.0,0.0,0.0,0.0,0.0,0.0,0.0,0.0,0.0,0.0,0.0,0.0,0.0
2026-09-20 21:30:00+01:00,0.0,0.0,0.0,0.0,0.0,0.0,0.0,0.0,0.0,0.0,0.0,0.0,0.0,0.0,0.0,0.0,0.0,0.0,0.0,0.0,0.0,0.0,0.0,0.0
2026-09-20 22:30:00+01:00,0.0,0.0,0.0,0.0,0.0,0.0,0.0,0.0,0.0,0.0,0.0,0.0,0.0,0.0,0.0,0.0,0.0,0.0,0.0,0.0,0.0,0.0,0.0,0.0
2026-09-20 23:30:00+01:00,0.0,0.0,0.0,0.0,0.0,0.0,0.0,0.0,0.0,0.0,0.0,0.0,0.0,0.0,0.0,0.0,0.0,0.0,0.0,0.0,0.0,0.0,0.0,0.0
2026-09-21 00:30:00+01:00,0.0,0.0,0.0,0.0,0.0,0.0,0.0,0.0,0.0,0.0,0.0,0.0,0.0,0.0,0.0,0.0,0.0,0.0,0.0,0.0,0.0,0.0,0.0,0.0
2026-09-21 01:30:00+01:00,0.0,0.0,0.0,0.0,0.0,0.0,0.0,0.0,0.0,0.0,0.0,0.0,0.0,0.0,0.0,0.0,0.0,0.0,0.0,0.0,0.0,0.0,0.0,0.0
2026-09-21 02:30:00+01:00,0.0,0.0,0.0,0.0,0.0,0.0,0.0,0.0,0.0,0.0,0.0,0.0,0.0,0.0,0.0,0.0,0.0,0.0,0.0,0.0,0.0,0.0,0.0,0.0
2026-09-21 03:30:00+01:00,0.0,0.0,0.0,0.0,0.0,0.0,0.0,0.0,0.0,0.0,0.0,0.0,0.0,0.0,0.0,0.0,0.0,0.0,0.0,0.0,0.0,0.0,0.0,0.0
2026-09-21 04:30:00+01:00,0.0,0.0,0.0,0.0,0.0,0.0,0.0,0.0,0.0,0.0,0.0,0.0,0.0,0.0,0.0,0.0,0.0,0.0,0.0,0.0,0.0,0.0,0.0,0.0
2026-09-21 05:30:00+01:00,0.0,0.0,0.0,0.0,0.0,0.0,0.0,0.0,0.0,0.0,0.0,0.0,0.0,0.0,0.0,0.0,0.0,0.0,0.0,0.0,0.0,0.0,0.0,0.0
2026-09-21 06:30:00+01:00,0.55205816498749,0.410042075877134,0.5214981341377861,0.4826708765069649,0.4637404895037926,0.4101471448332636,0.39460995031759294,0.7434241029380901,0.5081103482136338,0.22677676637979344,0.29289775227864223,0.6745203890457829,0.35911663670795396,0.773312831832468,0.7553975167762149,1.1918948633704545,1.4324452146263458,0.5979483106863435,0.23973831434030257,1.2437572108632649,0.19020140002673916,0.10281081064469191,1.0010462557920523,0.1708077200166817
2026-09-21 07:30:00+01:00,2.9181761266077224,1.6970955951653084,3.3167288156724504,2.6585947094672844,2.7088057930041796,3.430737309432284,3.0274599967820546,4.457939151017463,5.154506151689786,1.4740995357279922,1.7796401985798314,3.713851794548596,2.0581782444029186,3.6498412752734306,3.718688768330166,6.373469862010925,9.940822290395136,4.610702319796432,1.3690084670402867,9.929523413026391,1.2301072684668555,0.9024105930638525,5.461688573173114,1.1659401448667817
2026-09-21 08:30:00+01:00,6.49551767290651,3.7929660045328295,6.631994686268057,4.9312492840699855,7.099244810074972,7.410522827432532,5.569445912542604,10.02503435837129,10.523402166362297,3.4533637474357155,4.071122028470571,6.944404506392,4.244194328149302,7.663590880664167,8.587055954264631,16.793381202551963,21.260831283763313,9.60949530970184,3.6051035288211355,15.914543858085988,2.7637328057023915,2.0044368561490464,11.705144833138466,1.9160287028886598
2026-09-21 09:30:00+01:00,9.958424871578757,5.078489037641888,8.940528814474082,9.658166696959661,11.141347174153637,10.998086656650289,7.420955725578731,16.045777853548426,15.413537146555365,5.267537599232426,6.402386422262914,9.220330008729865,6.675859539214826,12.622932258314993,13.379396340055871,22.93034597890068,31.225927289766144,14.099487663952413,4.839882594117294,19.37557271916406,4.264801573588516,3.0609506534510356,18.37460849103015,3.010873400245665
2026-09-21 10:30:00+01:00,11.575170681774422,7.772040215938089,13.292071106824393,14.189962916520512,14.196247814884313,13.528604671567532,11.583467849104139,16.264128091827928,18.232023927539267,6.425748874461752,6.992125208448988,8.969824269423297,7.916118947123244,14.90649064273059,15.788548931386508,27.873868217696067,37.68604679240089,17.41525567266901,4.594048410460168,23.182882547459407,5.332545668091591,3.853925190179476,21.700638847928957,4.255090076608703
2026-09-21 11:30:00+01:00,17.975357986303518,9.009299181692134,16.841743350365416,20.068722685253533,15.881337763593297,14.86702113854187,13.132974847600678,16.898629714259425,20.01703299392942,7.051374210099433,7.463462958552129,10.215365105737805,11.692262095828966,17.93160445488037,14.924253312665767,28.20350755023479,37.60017562298438,19.066664251519164,6.135996758378196,22.172597847671703,5.717774713657688,4.334420934589131,32.026135450868516,5.200858812945177
2026-09-21 12:30:00+01:00,19.865506675146182,10.756419428125518,19.29369802764883,16.0993387469275,16.194933072100902,15.112779873576873,14.118674236161432,19.2157753792236,20.232491277724392,6.931250022386375,7.693203088391007,10.133941522478173,12.70628142315227,18.682399217106973,13.58390337362061,28.8776598574383,32.40417392306023,16.592536852524745,7.476927074590956,19.658232208424696,5.815316965342483,4.390468804328978,35.920527349813206,5.658828267988279
2026-09-21 13:30:00+01:00,14.289452843315258,10.73649240085587,15.485771791323145,17.82804683030462,15.81184219330451,14.415118365582638,13.206469777813995,17.910773758423655,17.907556540131665,6.365210491698574,7.431921133322406,13.390943920753376,9.17523483022919,19.320069728920373,16.649214400914882,25.274673265676885,29.2044232885172,16.63577789158231,7.6398391295299914,18.99299568642379,5.046496741891361,4.142341472406712,24.609001720181833,6.4863423397247235
2026-09-21 14:30:00+01:00,13.923440894672916,9.959563056922658,13.856230635302389,17.718057183013,14.003583913150118,12.583508904604566,10.715126378044715,15.515310953457428,13.77218242950105,5.526269793373156,7.111069938070533,11.866712153093905,7.952779387899408,17.220192522826924,15.022945720752427,18.50064083239151,21.292733339220355,15.187471965893643,6.950200750007753,14.949240180597362,4.503357367025681,3.402370602068685,24.127090416360197,3.9016788771292767
2026-09-21 15:30:00+01:00,11.465231410499115,7.602169859107213,10.172693635839492,14.6487462309,10.992278712018912,9.54051858300611,10.629295056784956,10.337233071207146,10.377912988800283,4.031223106201259,6.658926876590239,8.071567348781132,7.45401116585225,13.377763563861956,12.938324475918858,15.88605238018743,17.749824569438786,9.755552741435224,5.0051239382332335,12.77874357190595,3.34190643725928,2.674762045978044,19.716865351054643,3.9016928430241697
2026-09-21 16:30:00+01:00,6.791260300936469,4.442932167512501,5.687954650516173,8.677268300505425,6.872827831833501,5.685426356706069,6.660200107404674,7.015307235845345,5.471289621445363,2.202009588723329,4.568969973645183,5.1443745045090825,4.814897897113414,8.41955641522462,8.273946867564748,9.333137844530519,11.573260810524388,6.07633101049099,2.788801706703583,6.550712235481589,1.7608999097459814,1.650719709041193,11.966132280370697,2.6459743611377613
2026-09-21 17:30:00+01:00,2.35384115100911,1.259910913315251,1.8282973976236196,3.527743531189943,1.8238982159406054,2.1686972277707937,2.55275492044457,2.393285868212106,1.752426836496183,0.65918831097331,1.8365565762202112,1.8277136462707355,1.8418491756152435,2.5430426113165154,2.7829161805320832,2.5247882142523674,3.692677917623957,2.188906575182202,1.1363987513974227,2.1523360407448098,0.4780040640066345,0.7237829508164737,4.27624711369685,0.7655456874133605
2026-09-21 18:30:00+01:00,0.0,0.0,0.0,0.0,0.0,0.0,0.0,0.0,0.0,0.0,0.0,0.0,0.0,0.0,0.0,0.0,0.0,0.0,0.0,0.0,0.0,0.0,0.0,0.0
2026-09-21 19:30:00+01:00,0.0,0.0,0.0,0.0,0.0,0.0,0.0,0.0,0.0,0.0,0.0,0.0,0.0,0.0,0.0,0.0,0.0,0.0,0.0,0.0,0.0,0.0,0.0,0.0
2026-09-21 20:30:00+01:00,0.0,0.0,0.0,0.0,0.0,0.0,0.0,0.0,0.0,0.0,0.0,0.0,0.0,0.0,0.0,0.0,0.0,0.0,0.0,0.0,0.0,0.0,0.0,0.0
2026-09-21 21:30:00+01:00,0.0,0.0,0.0,0.0,0.0,0.0,0.0,0.0,0.0,0.0,0.0,0.0,0.0,0.0,0.0,0.0,0.0,0.0,0.0,0.0,0.0,0.0,0.0,0.0
2026-09-21 22:30:00+01:00,0.0,0.0,0.0,0.0,0.0,0.0,0.0,0.0,0.0,0.0,0.0,0.0,0.0,0.0,0.0,0.0,0.0,0.0,0.0,0.0,0.0,0.0,0.0,0.0
2026-09-21 23:30:00+01:00,0.0,0.0,0.0,0.0,0.0,0.0,0.0,0.0,0.0,0.0,0.0,0.0,0.0,0.0,0.0,0.0,0.0,0.0,0.0,0.0,0.0,0.0,0.0,0.0
2026-09-22 00:30:00+01:00,0.0,0.0,0.0,0.0,0.0,0.0,0.0,0.0,0.0,0.0,0.0,0.0,0.0,0.0,0.0,0.0,0.0,0.0,0.0,0.0,0.0,0.0,0.0,0.0
2026-09-22 01:30:00+01:00,0.0,0.0,0.0,0.0,0.0,0.0,0.0,0.0,0.0,0.0,0.0,0.0,0.0,0.0,0.0,0.0,0.0,0.0,0.0,0.0,0.0,0.0,0.0,0.0
2026-09-22 02:30:00+01:00,0.0,0.0,0.0,0.0,0.0,0.0,0.0,0.0,0.0,0.0,0.0,0.0,0.0,0.0,0.0,0.0,0.0,0.0,0.0,0.0,0.0,0.0,0.0,0.0
2026-09-22 03:30:00+01:00,0.0,0.0,0.0,0.0,0.0,0.0,0.0,0.0,0.0,0.0,0.0,0.0,0.0,0.0,0.0,0.0,0.0,0.0,0.0,0.0,0.0,0.0,0.0,0.0
2026-09-22 04:30:00+01:00,0.0,0.0,0.0,0.0,0.0,0.0,0.0,0.0,0.0,0.0,0.0,0.0,0.0,0.0,0.0,0.0,0.0,0.0,0.0,0.0,0.0,0.0,0.0,0.0
2026-09-22 05:30:00+01:00,0.0,0.0,0.0,0.0,0.0,0.0,0.0,0.0,0.0,0.0,0.0,0.0,0.0,0.0,0.0,0.0,0.0,0.0,0.0,0.0,0.0,0.0,0.0,0.0
2026-09-22 06:30:00+01:00,0.751318154760173,0.3540224955042285,0.9362256523896181,0.6267204733854337,0.41143926137993064,0.40036407623091513,0.3922796633377309,0.7072187716361966,0.40084957188868353,0.19819321520723565,0.25086649497448377,0.5484245803857509,0.509811593633755,0.6760755350578247,0.6894713894210179,1.4180876412116843,1.4479685029387626,0.4764624052442761,0.22525127764433298,1.297325793375073,0.2822452202546867,0.07955653628801349,1.4874253427151685,0.2048097221129468
2026-09-22 07:30:00+01:00,4.607521263955449,2.9333434993430276,5.882992648790346,3.75426895944931,2.6514360952960274,3.040931548143008,3.020056893581659,4.424559919238424,4.774104781137488,1.594829718126113,1.738343941492771,2.3257919555007858,2.8602381077739234,3.6935410005019325,3.4956151291401794,8.476630169236994,7.548461134515068,4.5423753852850215,1.3338198459806037,8.436897511001519,1.4127104324543407,1.1018313877908503,8.546211512238509,1.2488159337040523
2026-09-22 08:30:00+01:00,10.45661816091274,5.94089328929687,12.684805667168975,8.806647308960882,6.139379646054051,7.074561987290671,6.873138217061208,9.891458590961472,9.84320465174911,3.639808148273684,4.047613893614834,4.327686704687295,6.1209284741054875,8.397455258181598,7.292394524092318,16.989534120563796,16.33032298518473,9.637566395956076,3.4129914290082906,15.506772489177383,2.864517962647216,2.1813003677968714,18.86704572544181,3.0585389619044845
2026-09-22 09:30:00+01:00,16.176651614155304,8.588219777695588,18.684449377813745,13.43380492205425,9.093978410472294,10.92552701590348,8.877576953834817,15.183390465947614,14.318962053035838,5.441472803355006,5.750601452134375,7.378214029309311,10.194428516678098,12.438709670516475,12.704388138342265,23.69179631484034,23.326195295220888,13.66584118456582,5.427665849643577,20.750478443146935,4.530826728909582,3.1625529694009047,31.09830720451521,4.984058112465686
2026-09-22 10:30:00+01:00,16.847901797804642,9.422628082854896,21.172314120774043,18.00668076663138,10.831925663594145,13.444646002333455,11.325574443005603,18.657087321168856,17.198640229769147,6.296651242962552,7.909663722145183,10.695923389391364,10.889832055655805,13.569153558766693,18.15734133498208,28.29012812452235,26.465579521077693,17.03844456947193,6.9977209431382095,25.873009222265047,5.432028774134261,3.8361583562276005,31.82253997501214,6.223878382172999
2026-09-22 11:30:00+01:00,17.19620109521647,10.17801821811755,18.481042003642695,20.306639280828175,11.656442957096864,14.735044085140906,12.30872055480532,21.49689069870029,18.896203920248148,6.609700903432766,8.561531467686875,13.60484933750114,10.859950043247231,13.303542276283865,21.535261520172742,29.69505611690999,30.748368523473218,18.759334277027857,8.69368525568739,26.78261241961208,5.619806531617255,4.379057306713928,30.127845916658924,7.325681059082519
2026-09-22 12:30:00+01:00,15.562676290588676,10.632232576252006,22.435411362238504,21.343624925022507,12.813700029960097,14.71257311216592,13.429503363640125,21.980954973868702,18.470935895839606,6.560543561144315,8.538635089308608,14.210010838162981,10.334935685264414,15.329740116077492,22.255311310536428,27.29972377642548,35.34153021799086,18.894555752029298,8.872541712537599,27.64704824313773,5.480698116773832,4.496916861358435,30.513179982324196,6.466921117218664
2026-09-22 13:30:00+01:00,16.139521564710947,11.513793693157217,17.38789163698418,21.437258965049505,12.152114350659085,12.130241653927381,13.982911105063222,19.095804664023216,17.15772264571983,6.116546168901397,8.297809820335127,14.99526584367458,10.312255836743802,13.920145894686547,22.238669825550346,21.85904561896227,30.445792725154867,18.132527408065272,8.684172986448601,25.69089683904981,5.620194619703345,4.22363453301129,28.299930449842282,5.611321203323863
2026-09-22 14:30:00+01:00,14.198651078034247,10.058643413519416,13.849768321158642,19.640277941656112,12.565612298395875,11.695710114936105,11.286052293443506,18.6148653214176,11.796983100849832,5.104340132208879,6.76785534653859,13.168279467765784,9.221784750693212,15.688596987647548,19.789990956184145,22.43654483356721,24.381870687678354,15.90246265517177,8.72892746740489,21.041230180186112,4.503405213340549,3.52753454768899,24.658792201932147,4.938570585826362
2026-09-22 15:30:00+01:00,11.567008496656438,7.710196990199587,10.755281639987588,16.212563732631168,9.714136957841623,9.299589077848058,9.757699876676769,13.612208476339953,9.15745374103707,3.7451820924470463,6.003053135641601,10.672267771166114,7.424408598794528,12.19934780857766,15.584626454540436,16.223356540996313,21.30710266562947,11.981327642502052,5.455854685811854,14.207442303771291,3.092417994192771,2.7500844453034494,19.805555063333518,3.643158675613815
2026-09-22 16:30:00+01:00,6.7683476645266385,4.3310196204261135,5.37128772961703,10.442941778645727,5.86068394083014,5.543620263292072,8.001780993673894,8.167477454996146,7.16787215704312,2.121679989780359,3.68337736508755,6.334928515570453,4.19260697038574,7.851746823744011,9.841704584413234,9.635966655213325,14.419182921091002,7.215150667505695,3.940276067033355,6.797265828328013,1.7247665625032962,1.6140239632686002,10.916371080640676,2.0730090778126793
2026-09-22 17:30:00+01:00,2.5475149368563152,1.184311248616392,1.5954168541357787,3.2135320798559937,1.827297794968408,1.6133347087768504,2.3865796002310007,3.165013766454482,1.906339140705356,0.57717316091849,1.6650401458589872,1.693143710802963,1.8188512632627407,2.626951685617043,2.646333937763049,2.3801201881681595,4.170121090743253,1.9771774433706129,1.5059422117740036,1.7666281265886319,0.480024300196124,0.6912443343779962,4.09144122455845,0.6781213521466638
2026-09-22 18:30:00+01:00,0.0,0.0,0.0,0.0,0.0,0.0,0.0,0.0,0.0,0.0,0.0,0.0,0.0,0.0,0.0,0.0,0.0,0.0,0.0,0.0,0.0,0.0,0.0,0.0
2026-09-22 19:30:00+01:00,0.0,0.0,0.0,0.0,0.0,0.0,0.0,0.0,0.0,0.0,0.0,0.0,0.0,0.0,0.0,0.0,0.0,0.0,0.0,0.0,0.0,0.0,0.0,0.0
2026-09-22 20:30:00+01:00,0.0,0.0,0.0,0.0,0.0,0.0,0.0,0.0,0.0,0.0,0.0,0.0,0.0,0.0,0.0,0.0,0.0,0.0,0.0,0.0,0.0,0.0,0.0,0.0
2026-09-22 21:30:00+01:00,0.0,0.0,0.0,0.0,0.0,0.0,0.0,0.0,0.0,0.0,0.0,0.0,0.0,0.0,0.0,0.0,0.0,0.0,0.0,0.0,0.0,0.0,0.0,0.0
2026-09-22 22:30:00+01:00,0.0,0.0,0.0,0.0,0.0,0.0,0.0,0.0,0.0,0.0,0.0,0.0,0.0,0.0,0.0,0.0,0.0,0.0,0.0,0.0,0.0,0.0,0.0,0.0
2026-09-22 23:30:00+01:00,0.0,0.0,0.0,0.0,0.0,0.0,0.0,0.0,0.0,0.0,0.0,0.0,0.0,0.0,0.0,0.0,0.0,0.0,0.0,0.0,0.0,0.0,0.0,0.0
2026-09-23 00:30:00+01:00,0.0,0.0,0.0,0.0,0.0,0.0,0.0,0.0,0.0,0.0,0.0,0.0,0.0,0.0,0.0,0.0,0.0,0.0,0.0,0.0,0.0,0.0,0.0,0.0
2026-09-23 01:30:00+01:00,0.0,0.0,0.0,0.0,0.0,0.0,0.0,0.0,0.0,0.0,0.0,0.0,0.0,0.0,0.0,0.0,0.0,0.0,0.0,0.0,0.0,0.0,0.0,0.0
2026-09-23 02:30:00+01:00,0.0,0.0,0.0,0.0,0.0,0.0,0.0,0.0,0.0,0.0,0.0,0.0,0.0,0.0,0.0,0.0,0.0,0.0,0.0,0.0,0.0,0.0,0.0,0.0
2026-09-23 03:30:00+01:00,0.0,0.0,0.0,0.0,0.0,0.0,0.0,0.0,0.0,0.0,0.0,0.0,0.0,0.0,0.0,0.0,0.0,0.0,0.0,0.0,0.0,0.0,0.0,0.0
2026-09-23 04:30:00+01:00,0.0,0.0,0.0,0.0,0.0,0.0,0.0,0.0,0.0,0.0,0.0,0.0,0.0,0.0,0.0,0.0,0.0,0.0,0.0,0.0,0.0,0.0,0.0,0.0
2026-09-23 05:30:00+01:00,0.0,0.0,0.0,0.0,0.0,0.0,0.0,0.0,0.0,0.0,0.0,0.0,0.0,0.0,0.0,0.0,0.0,0.0,0.0,0.0,0.0,0.0,0.0,0.0
2026-09-23 06:30:00+01:00,0.7254939689961539,0.3537943766546342,1.0032785379804807,0.5980963445531123,0.40049651763451066,0.34608695417246,0.4193463968917083,0.7084259319777004,0.3793661571406457,0.13201750295072778,0.21114663514155507,0.6412421465114863,0.4922899528829741,0.7806138866067452,0.780342976545218,1.2254482377371203,1.4177115989066686,0.5461910399929013,0.2678549374861959,1.2058076162672249,0.30366165425606706,0.07370753125681295,1.4302721553583533,0.21685490604647853
2026-09-23 07:30:00+01:00,5.672924021057205,4.060480426572224,8.574046206962302,3.9827304521451605,2.8890507981323177,3.8758289513265956,3.4344779405972083,4.697697070828824,5.467579522503935,2.2450010911264995,1.801701210326625,3.9658841149941177,3.4802035770735653,4.221571551682367,4.277348976878058,11.167036866121272,10.751563050612917,4.984437012489915,1.4394577528112544,10.307585262205711,1.6373175338086654,1.186630100783435,11.077574677669622,1.669594652199192
2026-09-23 08:30:00+01:00,11.705915082504003,7.233665669055313,14.532394806581246,8.40495895447738,5.994417002409585,7.329647168001898,7.310209320303941,10.003870238337434,10.211582784489329,3.9997228905101108,4.302005833027744,7.557016816091776,6.895929560828956,7.900888351971435,9.129207771012803,18.890080084179754,21.08118836783856,9.554369572762399,3.841856726546594,16.8879818847667,2.842287135583639,2.1820814397902955,21.57367270572359,3.500087362967824
2026-09-23 09:30:00+01:00,16.434544064633723,9.415428525629114,19.256688758137336,12.840019984371246,9.121751127179436,10.318549373346336,10.744589779054037,15.628405644822061,14.009341942346305,5.401669006597623,6.6760176714790225,10.994958726735483,9.801091876785643,11.143749019037351,13.860447922892584,23.916390065803533,28.99869565748057,13.583517228615714,6.048885725730217,22.074721391712792,3.8648397043006364,3.154779965220302,30.243895167954996,5.063922417319553
2026-09-23 10:30:00+01:00,19.49116821942288,10.459944686748786,23.38761794624396,17.414842405886684,13.437818605859357,13.174321897714274,14.540768969083604,21.057537470402323,16.816469652961977,6.648250761767812,8.659444532849701,14.78677329620806,11.906935983635902,14.57007279122508,19.242421857949836,25.763236809609893,33.59880267080212,17.438616828945246,8.095342940338613,27.1695993022821,4.922851311775658,4.098114712901698,36.117474026357655,6.753470193089154
2026-09-23 11:30:00+01:00,21.494726985081446,11.082853180114299,25.178246585506876,20.096313303445886,15.418674316441711,14.421418725576219,16.156194892462093,23.652442884321296,18.01165369252445,7.136460423844059,9.810921069332412,16.495606983086212,13.245375332951568,16.188677065135202,21.959238994143856,26.299260398775683,35.54037583536634,19.09981196576533,9.293417914622736,28.84754196040256,5.381079131653965,4.422727256579916,39.750282322176425,7.304206624100716
2026-09-23 12:30:00+01:00,22.33316548402901,11.107064831538029,25.350897125149945,21.320452251868467,16.045424139776227,14.618217335226205,16.343564296255074,24.20625708099428,17.912474657450993,7.084995181640822,10.334750718220823,16.848829164024956,13.818996538124388,16.585193038519847,23.00022541924929,25.246838060476865,35.20313035741833,19.236512026463426,9.873996492614374,28.339016413487045,5.434112853450027,4.345623137053517,41.104166693604995,7.176288229444272
2026-09-23 13:30:00+01:00,22.75231715192364,10.675657581535152,24.346465330696592,21.268528865867648,15.53398265978233,14.169656907540295,15.21293725917449,23.379317570867595,16.6852688652425,6.648158387916905,10.299977815090564,16.023517907893392,13.874885103466065,15.969600929121535,23.029217655000892,22.53878637654341,32.61339650400647,17.985911874359854,10.10638452091322,26.48906240435459,5.218118761830633,3.8868772283139794,41.49289914436258,6.119908557105704
2026-09-23 14:30:00+01:00,20.230347701759882,9.145579911765063,20.428724021980212,19.344886675592964,13.674770824125892,12.056363841850837,13.360877775709083,20.191592309371455,14.24406472804249,5.562886223404758,9.389419493584915,13.862936436019691,12.580518568029051,14.032333623945524,20.14298187082847,18.92603028065015,28.178023497360222,15.598459202617525,9.23960043182914,21.35200287951661,4.370082697494059,3.3131891975334593,36.66942160971626,5.314223686956304
2026-09-23 15:30:00+01:00,15.771004515082677,6.789745203230723,14.457613486776319,15.760595530519028,10.649819988627621,8.896075842655017,10.569186992129767,15.420465986528468,10.731353449971852,4.002760827554518,7.726993235767559,10.507248985053023,10.184817969020072,10.920424300682829,15.367380636562498,14.051504732542208,21.57191966454199,11.989497734554243,7.5334747512785105,14.259348561328407,3.118142922093106,2.523070794235072,28.299063843339294,4.235123400131704
2026-09-23 16:30:00+01:00,9.571962563073878,3.8351221213685953,7.312008248058069,10.407059605054995,6.401734597829097,5.096450285514153,6.751166986944897,8.940036957863555,6.229602768767282,2.156714571145098,5.2567405389337205,6.171275135923774,6.679247580667155,7.019584231926258,8.962314245921451,8.186245769956352,13.520402451166788,7.2898296770951925,4.909469897716214,6.83597312133272,1.6424040086793397,1.556631407540058,16.870284540435858,2.874693210428912
2026-09-23 17:30:00+01:00,2.0396789596099523,1.0579232138502264,1.4209536163582506,2.6689109044182695,1.4585172026263955,1.4835617510222032,2.190245002108058,2.8821020223117304,1.742195789674731,0.4829175264246718,1.3732812417069515,1.3922425248481607,1.760121813479045,2.220022887634751,2.3478908141716452,2.0418668623801826,3.37739923839832,1.6324466767508665,1.2147486618967205,1.4693932507147813,0.4058652528426984,0.6826404032724238,3.7786598184323354,0.763043417714397
2026-09-23 18:30:00+01:00,0.0,0.0,0.0,0.0,0.0,0.0,0.0,0.0,0.0,0.0,0.0,0.0,0.0,0.0,0.0,0.0,0.0,0.0,0.0,0.0,0.0,0.0,0.0,0.0
2026-09-23 19:30:00+01:00,0.0,0.0,0.0,0.0,0.0,0.0,0.0,0.0,0.0,0.0,0.0,0.0,0.0,0.0,0.0,0.0,0.0,0.0,0.0,0.0,0.0,0.0,0.0,0.0
2026-09-23 20:30:00+01:00,0.0,0.0,0.0,0.0,0.0,0.0,0.0,0.0,0.0,0.0,0.0,0.0,0.0,0.0,0.0,0.0,0.0,0.0,0.0,0.0,0.0,0.0,0.0,0.0
2026-09-23 21:30:00+01:00,0.0,0.0,0.0,0.0,0.0,0.0,0.0,0.0,0.0,0.0,0.0,0.0,0.0,0.0,0.0,0.0,0.0,0.0,0.0,0.0,0.0,0.0,0.0,0.0
2026-09-23 22:30:00+01:00,0.0,0.0,0.0,0.0,0.0,0.0,0.0,0.0,0.0,0.0,0.0,0.0,0.0,0.0,0.0,0.0,0.0,0.0,0.0,0.0,0.0,0.0,0.0,0.0
2026-09-23 23:30:00+01:00,0.0,0.0,0.0,0.0,0.0,0.0,0.0,0.0,0.0,0.0,0.0,0.0,0.0,0.0,0.0,0.0,0.0,0.0,0.0,0.0,0.0,0.0,0.0,0.0
2026-09-24 00:30:00+01:00,0.0,0.0,0.0,0.0,0.0,0.0,0.0,0.0,0.0,0.0,0.0,0.0,0.0,0.0,0.0,0.0,0.0,0.0,0.0,0.0,0.0,0.0,0.0,0.0
2026-09-24 01:30:00+01:00,0.0,0.0,0.0,0.0,0.0,0.0,0.0,0.0,0.0,0.0,0.0,0.0,0.0,0.0,0.0,0.0,0.0,0.0,0.0,0.0,0.0,0.0,0.0,0.0
2026-09-24 02:30:00+01:00,0.0,0.0,0.0,0.0,0.0,0.0,0.0,0.0,0.0,0.0,0.0,0.0,0.0,0.0,0.0,0.0,0.0,0.0,0.0,0.0,0.0,0.0,0.0,0.0
2026-09-24 03:30:00+01:00,0.0,0.0,0.0,0.0,0.0,0.0,0.0,0.0,0.0,0.0,0.0,0.0,0.0,0.0,0.0,0.0,0.0,0.0,0.0,0.0,0.0,0.0,0.0,0.0
2026-09-24 04:30:00+01:00,0.0,0.0,0.0,0.0,0.0,0.0,0.0,0.0,0.0,0.0,0.0,0.0,0.0,0.0,0.0,0.0,0.0,0.0,0.0,0.0,0.0,0.0,0.0,0.0
2026-09-24 05:30:00+01:00,0.0,0.0,0.0,0.0,0.0,0.0,0.0,0.0,0.0,0.0,0.0,0.0,0.0,0.0,0.0,0.0,0.0,0.0,0.0,0.0,0.0,0.0,0.0,0.0
2026-09-24 06:30:00+01:00,0.7236744605480439,0.310650002761478,0.9895852847121424,0.6003387275713076,0.39964017013699465,0.34742012637616493,0.3501707919179128,0.7996923767342913,0.3821229325315999,0.13199341473827278,0.21115709422943824,0.6356306518987311,0.4906666362883836,0.7732516465425537,0.6858054205010231,1.2170213195392616,1.4102672597561656,0.5456448014779623,0.2677791949226813,1.1901625586821254,0.244948984145962,0.07372045823606752,1.4206619678985677,0.21834190275725712
2026-09-24 07:30:00+01:00,5.808560272051671,4.085328249827351,9.877283218521391,4.175037085687107,3.1450795099772058,3.9311063111188416,3.35128802177488,4.867696382737141,5.538573083032147,2.2673744600473773,1.8303018362074834,3.5221820593747126,3.4804720957646786,4.869943624914758,3.8863925139619586,11.199621879260928,10.572995353201788,5.044753615211295,1.3769382942597812,10.585573925676814,1.751196264268129,1.188302192829578,11.377497433073758,1.7729098755614434
2026-09-24 08:30:00+01:00,12.183994870121593,7.306408702473275,16.399434107380372,9.615104000834897,6.470680860092229,7.3912214478153,7.230970002873054,9.94523940718967,10.334800085167778,4.027976003174799,4.360810671744786,6.595030373442174,6.997274364437948,9.277888220228306,8.46336427516528,19.324702487348098,20.720725282858567,9.58385750473645,3.8752615397665893,17.133638331957666,3.0510116702323837,2.171916134639631,22.466847687383098,3.780600844285467
2026-09-24 09:30:00+01:00,17.448734605528266,9.741186855576212,21.44578717919824,14.721894073910567,9.676868226481837,10.381490566623208,10.716404975660792,15.264224714328908,14.372066270670082,5.4115849093834045,6.851082719562428,9.582757189780263,10.22620119421845,13.03526477155112,13.111195014927992,25.45298200248625,28.99476457648801,13.531782606304905,6.154227474845241,22.23176138003694,4.137362115285545,3.1351380087737732,32.025752148019706,5.45770340897332
2026-09-24 10:30:00+01:00,22.204083723009262,11.648926136209637,25.9989269876911,18.349822329853016,13.753919586797258,13.268574729946671,14.453796583799786,20.741657901217064,17.805141047709323,6.628869220677769,9.262380269820953,13.100783502033325,13.555438518407556,16.07595824803035,19.576586305419266,30.28305690319019,35.133523918801025,17.28659574508771,8.241024556071071,27.204652606261334,5.157285388994129,4.035531722244253,40.915665504275935,6.97271142546652
2026-09-24 11:30:00+01:00,24.171294074036535,12.420694991049208,27.258225973652156,20.7563736817077,15.608024325423704,14.469391804842969,16.36574015623191,23.5348373760902,19.253734445700378,7.065387449267372,10.51213874153471,14.618250527370163,15.199661363187285,17.56713522576197,22.528127491202287,32.801067480697505,38.32810352832782,18.8922365141244,9.437788765362791,28.808438220123218,5.367867238491437,4.450149455875701,44.50476257455877,7.671159527462038
2026-09-24 12:30:00+01:00,23.33997321831229,12.206505576677555,25.540095693763647,21.783727906696043,16.197950607291222,14.456292294365461,16.780407979362398,24.334346742588902,19.263403984240146,6.94865800856733,10.744559329374896,15.206967601527529,15.041672114928915,17.823609505044363,23.509702751358695,33.00140159992798,38.81885588587302,19.077599121806962,9.928246623778806,28.25374750505111,5.1724493029757745,4.512756929376089,42.984197579823835,7.691557500898385
2026-09-24 13:30:00+01:00,19.026734266237955,10.705985782214848,20.351314584532926,20.8562459741574,16.02994184816363,13.43130418771034,15.66682500664494,23.672410138792888,18.186858773355723,6.379225840050859,10.000469162665327,15.74092878290523,12.630921417330727,17.488072711336436,23.183981464752684,30.321216612138148,35.79323072097915,18.25034448767383,10.011032131193112,26.22895637522671,4.805518990009667,4.300297358478567,35.33286273083838,7.066134694860859
2026-09-24 14:30:00+01:00,16.038163487625674,9.20539384311482,16.27176030114304,18.844148709436254,14.158815705004798,11.510621328196656,13.907595632489524,20.81739175224092,15.50896512134129,5.340191990686173,8.709069781664189,13.903991176675106,10.707276233857774,15.053542649305308,20.440351279777243,25.188877163674096,30.976428109131415,15.66792430772516,8.782688460696297,20.96843384606591,4.049159230398798,3.7172812539994737,29.36664785293445,6.040397393896314
2026-09-24 15:30:00+01:00,12.25818325669702,7.051986534963725,11.493312060836978,15.360963749627082,11.057825100892973,8.682281508958527,11.075258500574817,16.253297668322528,11.556219408303573,3.8699980632793105,6.823008044697538,10.687984469286182,8.256444592194304,11.290601689191105,15.906557057683894,17.994686071273154,23.960138691869155,11.775253135232145,6.715219725845566,13.89728710418898,2.9400249142341015,2.8332737134927912,22.025067922868914,4.592012507946647
2026-09-24 16:30:00+01:00,7.555170679607976,4.24576252809498,6.043172108050647,10.5239263716292,6.676441611096041,5.063128148319047,7.119339109599697,9.965807543890147,6.489709762526123,2.090413941193576,4.255336976331118,6.226352222400848,5.2307592781019965,6.621794199294771,9.776980806427321,9.461971317718755,15.07990765024577,6.813429181712234,3.8501548464862885,6.6893629759860715,1.6144978488477708,1.7121076835155395,13.22367519717299,2.6649426111864294
2026-09-24 17:30:00+01:00,1.9626731076828805,0.9100741185715834,1.4318090834904942,2.375531656388775,1.366331812775939,1.3701522844131218,2.072958496501018,2.5802384624112866,1.6748218804914958,0.4490250053201016,1.4797225786919728,1.2070235406455891,1.7038022619198374,2.117300463542062,1.977254957720809,1.6617337658142852,2.9540662726102402,1.669759524899594,1.342826126561575,1.4713640267681827,0.40761299622949426,0.5264714733883441,3.7359581153702823,0.68128234917788
2026-09-24 18:30:00+01:00,0.0,0.0,0.0,0.0,0.0,0.0,0.0,0.0,0.0,0.0,0.0,0.0,0.0,0.0,0.0,0.0,0.0,0.0,0.0,0.0,0.0,0.0,0.0,0.0
2026-09-24 19:30:00+01:00,0.0,0.0,0.0,0.0,0.0,0.0,0.0,0.0,0.0,0.0,0.0,0.0,0.0,0.0,0.0,0.0,0.0,0.0,0.0,0.0,0.0,0.0,0.0,0.0
2026-09-24 20:30:00+01:00,0.0,0.0,0.0,0.0,0.0,0.0,0.0,0.0,0.0,0.0,0.0,0.0,0.0,0.0,0.0,0.0,0.0,0.0,0.0,0.0,0.0,0.0,0.0,0.0
2026-09-24 21:30:00+01:00,0.0,0.0,0.0,0.0,0.0,0.0,0.0,0.0,0.0,0.0,0.0,0.0,0.0,0.0,0.0,0.0,0.0,0.0,0.0,0.0,0.0,0.0,0.0,0.0
2026-09-24 22:30:00+01:00,0.0,0.0,0.0,0.0,0.0,0.0,0.0,0.0,0.0,0.0,0.0,0.0,0.0,0.0,0.0,0.0,0.0,0.0,0.0,0.0,0.0,0.0,0.0,0.0
2026-09-24 23:30:00+01:00,0.0,0.0,0.0,0.0,0.0,0.0,0.0,0.0,0.0,0.0,0.0,0.0,0.0,0.0,0.0,0.0,0.0,0.0,0.0,0.0,0.0,0.0,0.0,0.0
2026-09-25 00:30:00+01:00,0.0,0.0,0.0,0.0,0.0,0.0,0.0,0.0,0.0,0.0,0.0,0.0,0.0,0.0,0.0,0.0,0.0,0.0,0.0,0.0,0.0,0.0,0.0,0.0
2026-09-25 01:30:00+01:00,0.0,0.0,0.0,0.0,0.0,0.0,0.0,0.0,0.0,0.0,0.0,0.0,0.0,0.0,0.0,0.0,0.0,0.0,0.0,0.0,0.0,0.0,0.0,0.0
2026-09-25 02:30:00+01:00,0.0,0.0,0.0,0.0,0.0,0.0,0.0,0.0,0.0,0.0,0.0,0.0,0.0,0.0,0.0,0.0,0.0,0.0,0.0,0.0,0.0,0.0,0.0,0.0
2026-09-25 03:30:00+01:00,0.0,0.0,0.0,0.0,0.0,0.0,0.0,0.0,0.0,0.0,0.0,0.0,0.0,0.0,0.0,0.0,0.0,0.0,0.0,0.0,0.0,0.0,0.0,0.0
2026-09-25 04:30:00+01:00,0.0,0.0,0.0,0.0,0.0,0.0,0.0,0.0,0.0,0.0,0.0,0.0,0.0,0.0,0.0,0.0,0.0,0.0,0.0,0.0,0.0,0.0,0.0,0.0
2026-09-25 05:30:00+01:00,0.0,0.0,0.0,0.0,0.0,0.0,0.0,0.0,0.0,0.0,0.0,0.0,0.0,0.0,0.0,0.0,0.0,0.0,0.0,0.0,0.0,0.0,0.0,0.0
2026-09-25 06:30:00+01:00,0.7145535536721759,0.2570495986815069,0.9643734260695213,0.5899973430283347,0.4039563748073686,0.2897197998462964,0.35182807018977524,0.6149629385557058,0.3822774971524015,0.13268758770642836,0.21248455196871813,0.5659633122100473,0.4826199596044383,0.6902897172408243,0.6050045226379716,1.1885854382298886,1.2454038805848016,0.47260407889923967,0.23201374307093697,0.9354193821019284,0.26792936546913537,0.07406647324486355,1.3999741964210597,0.21384774494472855
2026-09-25 07:30:00+01:00,5.616359513635431,2.840044535114393,8.989706085806747,4.134648395877539,3.7745561030436856,3.958434583265641,3.4156041986531855,4.798504780991049,5.806264257250288,2.2839707757845957,1.837905975461204,4.546921842793484,3.418396127461179,5.218106805192919,4.37480028340347,10.956002655335029,10.629414261656168,5.160291928112879,1.338624572305548,10.948528830788272,2.588806279701267,1.214793843889744,10.924954814344149,1.7188481022657063
2026-09-25 08:30:00+01:00,11.203853771070214,5.262402263709957,14.831709436321681,8.877031666651925,7.832762184427871,7.440371663535654,7.196767662646913,10.357405398328508,10.706778488625657,4.007765642067876,4.532579572464003,9.007419578890127,6.613244209790882,10.49367702742983,10.64219778412909,19.018939043781547,20.99722919248141,9.735327418104037,3.899376159887161,18.214794587160203,4.305246082952253,2.1803642006156188,20.829067569250984,3.5260156932705256
2026-09-25 09:30:00+01:00,15.283972379352267,7.4463886301586255,18.806669340278066,13.623191470274762,11.413273447894932,10.410022655149374,10.602302894687018,16.08451272924873,14.867902995457454,5.343245132616236,7.0850998100672795,12.954049037780242,9.257814105249143,14.840560944031804,16.278680768251043,25.186363768821113,29.904826928997288,13.630448242773666,6.2432951260793645,23.4012659513919,5.495443274012767,3.122223471822915,28.491181595029772,5.008211005975937
2026-09-25 10:30:00+01:00,16.9913031583793,10.207613218974062,20.47284718574537,18.2374177988234,14.99428649302483,13.568597191724482,14.487288089432347,21.739559807056697,18.635988279138193,6.566702681133348,9.120741589574203,16.824103901829172,10.94071961454537,18.53046453625607,21.147408534719922,29.99874481997319,38.20077741072413,17.449435294602214,8.270553367633841,27.502717041878817,6.569778246791194,4.035719207519835,32.47955597328371,6.193505312519108
2026-09-25 11:30:00+01:00,18.37985574262449,11.22892848088874,21.46827164551701,20.820397975207865,16.193142667561926,14.663374946002554,16.64941619744618,24.106118583456663,20.377820914104806,7.011049932377243,10.28590036007383,17.80998225829982,12.1226083709005,19.877926470432218,22.999023879279456,31.35861562061317,41.590116824399004,19.06641579597388,9.321464250288503,28.02303563652913,6.683348539203141,4.46816434264662,35.15836126240611,6.81572499682489
2026-09-25 12:30:00+01:00,18.825007121335663,11.284263561000255,21.294787329033745,21.63872709733371,15.882655199840231,14.41324833590956,17.496231470661183,24.216001072423115,20.665264567155734,6.931242518545862,10.730481778883497,16.90473621090907,12.596754952466112,19.482161421556796,22.722160727074826,30.14067511750841,41.672298424882364,19.17572628016143,9.635652654932654,26.270438858852977,6.192868171467663,4.556712411154793,35.86976843228522,6.9705307833720465
2026-09-25 13:30:00+01:00,19.171628875631352,10.33603482296958,20.636469540620723,21.367229570085946,14.125400402325331,12.77621614904504,17.23666164931289,22.44322138542512,19.730059536861344,6.410081937337141,10.693941978319913,14.517203783706934,12.823612705835334,17.017202139410767,20.57860049199313,26.074845445916022,39.58295193158345,18.007684155587818,9.217445621746997,22.153316650189506,4.989483703513105,4.35340773331747,35.88243364796691,6.86213034272342
2026-09-25 14:30:00+01:00,16.426999731227035,8.74389084426817,16.938913357184134,18.580824159262228,12.132031339484522,10.836492459633872,15.359789780952845,19.332887599447997,17.085853195698004,5.318526622684133,9.541081067616055,11.864847781700625,11.186869506215231,14.572757522316088,17.349885829951987,21.55953318977551,34.16413245347716,15.60078368409343,8.25201864128326,17.758828789618597,4.048082297649787,3.7625494979461025,30.65377186843787,5.929129666241236
2026-09-25 15:30:00+01:00,12.15973019299347,6.4564753984621435,11.723246797822334,14.16013955651393,9.460987223396135,8.218148910308154,12.158646577460033,14.864369610890392,12.99912994976657,3.7870438511113194,7.575229928493431,8.661200924005895,8.521272285190024,11.309040952940355,12.994036417901215,15.629496114551628,25.758005742774447,11.91412072642279,6.6801819089852,12.321419691164833,2.905674559754898,2.8636019026461508,22.681528255163485,4.4835567990955285
2026-09-25 16:30:00+01:00,6.661130415412667,3.7080097023438454,5.818406483993215,8.193520748160326,5.879096821234666,4.9634314104310375,7.658016805618058,8.94672984043431,7.648210676141817,1.9755927121886547,4.746889282762916,4.83754895326327,4.882093881939406,7.509038834937784,7.532067206983121,8.645462269056216,15.103504025633486,7.105514927260994,4.436446630306859,6.311653342164571,1.6052586887275653,1.7378448176333738,12.431018655205529,2.537395185622776
2026-09-25 17:30:00+01:00,1.9373148436187777,1.066068807998402,1.4440608417469283,2.496147683982314,1.3584272740459284,1.2356666885318504,1.9238843274490969,2.674883223811956,1.3202871875723363,0.4054059049203266,1.3801001032341464,1.222673129960915,1.6824955684737724,1.7981966880870184,2.08082770094571,1.6177012732337017,2.900943406405697,1.4880055683782163,1.1760205577359326,1.3326688289750506,0.30686018343855276,0.48750328652426395,3.711338707891898,0.6959731748409433
2026-09-25 18:30:00+01:00,0.0,0.0,0.0,0.0,0.0,0.0,0.0,0.0,0.0,0.0,0.0,0.0,0.0,0.0,0.0,0.0,0.0,0.0,0.0,0.0,0.0,0.0,0.0,0.0
2026-09-25 19:30:00+01:00,0.0,0.0,0.0,0.0,0.0,0.0,0.0,0.0,0.0,0.0,0.0,0.0,0.0,0.0,0.0,0.0,0.0,0.0,0.0,0.0,0.0,0.0,0.0,0.0
2026-09-25 20:30:00+01:00,0.0,0.0,0.0,0.0,0.0,0.0,0.0,0.0,0.0,0.0,0.0,0.0,0.0,0.0,0.0,0.0,0.0,0.0,0.0,0.0,0.0,0.0,0.0,0.0
2026-09-25 21:30:00+01:00,0.0,0.0,0.0,0.0,0.0,0.0,0.0,0.0,0.0,0.0,0.0,0.0,0.0,0.0,0.0,0.0,0.0,0.0,0.0,0.0,0.0,0.0,0.0,0.0
2026-09-25 22:30:00+01:00,0.0,0.0,0.0,0.0,0.0,0.0,0.0,0.0,0.0,0.0,0.0,0.0,0.0,0.0,0.0,0.0,0.0,0.0,0.0,0.0,0.0,0.0,0.0,0.0
