time,national_mw
2026-09-17 00:30:00+01:00,0.0
2026-09-17 01:30:00+01:00,0.0
2026-09-17 02:30:00+01:00,0.0
2026-09-17 03:30:00+01:00,0.0
2026-09-17 04:30:00+01:00,0.0
2026-09-17 05:30:00+01:00,0.0
2026-09-17 06:30:00+01:00,13.580197290212348
2026-09-17 07:30:00+01:00,81.68822118310761
2026-09-17 08:30:00+01:00,178.00155133771273
2026-09-17 09:30:00+01:00,265.8969641064022
2026-09-17 10:30:00+01:00,324.1283389839399
2026-09-17 11:30:00+01:00,392.10712829526733
2026-09-17 12:30:00+01:00,401.3369138421836
2026-09-17 13:30:00+01:00,375.42657054191085
2026-09-17 14:30:00+01:00,315.7536230320263
2026-09-17 15:30:00+01:00,214.0633917096502
2026-09-17 16:30:00+01:00,125.23971038565811
2026-09-17 17:30:00+01:00,44.758776148694
2026-09-17 18:30:00+01:00,0.011302072259799184
2026-09-17 19:30:00+01:00,0.0
2026-09-17 20:30:00+01:00,0.0
2026-09-17 21:30:00+01:00,0.0
2026-09-17 22:30:00+01:00,0.0
2026-09-17 23:30:00+01:00,0.0
2026-09-18 00:30:00+01:00,0.0
2026-09-18 01:30:00+01:00,0.0
2026-09-18 02:30:00+01:00,0.0
2026-09-18 03:30:00+01:00,0.0
2026-09-18 04:30:00+01:00,0.0
2026-09-18 05:30:00+01:00,0.0
2026-09-18 06:30:00+01:00,16.973598574831474
2026-09-18 07:30:00+01:00,96.9694025645514
2026-09-18 08:30:00+01:00,203.43619673980416
2026-09-18 09:30:00+01:00,299.18892346124744
2026-09-18 10:30:00+01:00,361.5459850925017
2026-09-18 11:30:00+01:00,404.4039907936324
2026-09-18 12:30:00+01:00,402.8792140191004
2026-09-18 13:30:00+01:00,374.6174968026588
2026-09-18 14:30:00+01:00,308.423800255271
2026-09-18 15:30:00+01:00,205.53970266705252
2026-09-18 16:30:00+01:00,110.61244076780399
2026-09-18 17:30:00+01:00,40.800635996739054
2026-09-18 18:30:00+01:00,0.0
2026-09-18 19:30:00+01:00,0.0
2026-09-18 20:30:00+01:00,0.0
2026-09-18 21:30:00+01:00,0.0
2026-09-18 22:30:00+01:00,0.0
2026-09-18 23:30:00+01:00,0.0
2026-09-19 00:30:00+01:00,0.0
2026-09-19 01:30:00+01:00,0.0
2026-09-19 02:30:00+01:00,0.0
2026-09-19 03:30:00+01:00,0.0
2026-09-19 04:30:00+01:00,0.0
2026-09-19 05:30:00+01:00,0.0
2026-09-19 06:30:00+01:00,8.786769976619418
2026-09-19 07:30:00+01:00,62.918328486813486
2026-09-19 08:30:00+01:00,135.8743615781906
2026-09-19 09:30:00+01:00,210.84704896874976
2026-09-19 10:30:00+01:00,282.96485327237855
2026-09-19 11:30:00+01:00,342.9869708301322
2026-09-19 12:30:00+01:00,387.9819727437312
2026-09-19 13:30:00+01:00,347.6807092532601
2026-09-19 14:30:00+01:00,294.27228063787396
2026-09-19 15:30:00+01:00,236.64348097812942
2026-09-19 16:30:00+01:00,147.58132177513784
2026-09-19 17:30:00+01:00,48.74036775636276
2026-09-19 18:30:00+01:00,0.0
2026-09-19 19:30:00+01:00,0.0
2026-09-19 20:30:00+01:00,0.0
2026-09-19 21:30:00+01:00,0.0
2026-09-19 22:30:00+01:00,0.0
2026-09-19 23:30:00+01:00,0.0
2026-09-20 00:30:00+01:00,0.0
2026-09-20 01:30:00+01:00,0.0
2026-09-20 02:30:00+01:00,0.0
2026-09-20 03:30:00+01:00,0.0
2026-09-20 04:30:00+01:00,0.0
2026-09-20 05:30:00+01:00,0.0
2026-09-20 06:30:00+01:00,15.597506645923088
2026-09-20 07:30:00+01:00,94.93991942719005
2026-09-20 08:30:00+01:00,207.03321555925157
2026-09-20 09:30:00+01:00,292.69005799899287
2026-09-20 10:30:00+01:00,360.0956222511119
2026-09-20 11:30:00+01:00,404.0909779845923
2026-09-20 12:30:00+01:00,381.3594897403171
2026-09-20 13:30:00+01:00,348.80614047537085
2026-09-20 14:30:00+01:00,284.543345201558
2026-09-20 15:30:00+01:00,202.0348447337253
2026-09-20 16:30:00+01:00,117.1294451100958
2026-09-20 17:30:00+01:00,41.14898978326415
2026-09-20 18:30:00+01:00,0.0
2026-09-20 19:30:00+01:00,0.0
2026-09-20 20:30:00+01:00,0.0
2026-09-20 21:30:00+01:00,0.0
2026-09-20 22:30:00+01:00,0.0
2026-09-20 23:30:00+01:00,0.0
2026-09-21 00:30:00+01:00,0.0
2026-09-21 01:30:00+01:00,0.0
2026-09-21 02:30:00+01:00,0.0
2026-09-21 03:30:00+01:00,0.0
2026-09-21 04:30:00+01:00,0.0
2026-09-21 05:30:00+01:00,0.0
2026-09-21 06:30:00+01:00,13.73897328070348
2026-09-21 07:30:00+01:00,86.74801639754124
2026-09-21 08:30:00+01:00,183.01580754874024
2026-09-21 09:30:00+01:00,269.40620650916765
2026-09-21 10:30:00+01:00,327.52687557304927
2026-09-21 11:30:00+01:00,374.4285737421525
2026-09-21 12:30:00+01:00,377.4152666672825
2026-09-21 13:30:00+01:00,347.956010542829
2026-09-21 14:30:00+01:00,299.56175819537964
2026-09-21 15:30:00+01:00,239.10841996388564
2026-09-21 16:30:00+01:00,145.07419168751258
2026-09-21 17:30:00+01:00,49.09080987806435
2026-09-21 18:30:00+01:00,0.0
2026-09-21 19:30:00+01:00,0.0
2026-09-21 20:30:00+01:00,0.0
2026-09-21 21:30:00+01:00,0.0
2026-09-21 22:30:00+01:00,0.0
2026-09-21 23:30:00+01:00,0.0
2026-09-22 00:30:00+01:00,0.0
2026-09-22 01:30:00+01:00,0.0
2026-09-22 02:30:00+01:00,0.0
2026-09-22 03:30:00+01:00,0.0
2026-09-22 04:30:00+01:00,0.0
2026-09-22 05:30:00+01:00,0.0
2026-09-22 06:30:00+01:00,14.772413370977919
2026-09-22 07:30:00+01:00,93.4453287736774
2026-09-22 08:30:00+01:00,200.38518496009183
2026-09-22 09:30:00+01:00,299.8280973039574
2026-09-22 10:30:00+01:00,356.40545159986215
2026-09-22 11:30:00+01:00,381.8614857689043
2026-09-22 12:30:00+01:00,393.6239049098665
2026-09-22 13:30:00+01:00,365.4454700527481
2026-09-22 14:30:00+01:00,323.5667498972459
2026-09-22 15:30:00+01:00,251.88132486754023
2026-09-22 16:30:00+01:00,154.01708867542894
2026-09-22 17:30:00+01:00,48.20765430674774
2026-09-22 18:30:00+01:00,0.0
2026-09-22 19:30:00+01:00,0.0
2026-09-22 20:30:00+01:00,0.0
2026-09-22 21:30:00+01:00,0.0
2026-09-22 22:30:00+01:00,0.0
2026-09-22 23:30:00+01:00,0.0
2026-09-23 00:30:00+01:00,0.0
2026-09-23 01:30:00+01:00,0.0
2026-09-23 02:30:00+01:00,0.0
2026-09-23 03:30:00+01:00,0.0
2026-09-23 04:30:00+01:00,0.0
2026-09-23 05:30:00+01:00,0.0
2026-09-23 06:30:00+01:00,14.659547963947936
2026-09-23 07:30:00+01:00,116.86772282090898
2026-09-23 08:30:00+01:00,222.8650375297623
2026-09-23 09:30:00+01:00,312.59690074718566
2026-09-23 10:30:00+01:00,389.55189787406243
2026-09-23 11:30:00+01:00,426.2875078434113
2026-09-23 12:30:00+01:00,432.87019152608116
2026-09-23 13:30:00+01:00,416.3208353629099
2026-09-23 14:30:00+01:00,361.209317489684
2026-09-23 15:30:00+01:00,275.3366333542065
2026-09-23 16:30:00+01:00,164.47695452334344
2026-09-23 17:30:00+01:00,41.886628852647775
2026-09-23 18:30:00+01:00,0.0
2026-09-23 19:30:00+01:00,0.0
2026-09-23 20:30:00+01:00,0.0
2026-09-23 21:30:00+01:00,0.0
2026-09-23 22:30:00+01:00,0.0
2026-09-23 23:30:00+01:00,0.0
2026-09-24 00:30:00+01:00,0.0
2026-09-24 01:30:00+01:00,0.0
2026-09-24 02:30:00+01:00,0.0
2026-09-24 03:30:00+01:00,0.0
2026-09-24 04:30:00+01:00,0.0
2026-09-24 05:30:00+01:00,0.0
2026-09-24 06:30:00+01:00,14.420348184904391
2026-09-24 07:30:00+01:00,119.50640755834223
2026-09-24 08:30:00+01:00,228.7087588753494
2026-09-24 09:30:00+01:00,323.1082169886154
2026-09-24 10:30:00+01:00,411.65491286101445
2026-09-24 11:30:00+01:00,451.59059093208214
2026-09-24 12:30:00+01:00,452.6186853636114
2026-09-24 13:30:00+01:00,415.4608140422503
2026-09-24 14:30:00+01:00,355.17511661108074
2026-09-24 15:30:00+01:00,268.356885492461
2026-09-24 16:30:00+01:00,158.99414459943534
2026-09-24 17:30:00+01:00,39.12979436138684
2026-09-24 18:30:00+01:00,0.0
2026-09-24 19:30:00+01:00,0.0
2026-09-24 20:30:00+01:00,0.0
2026-09-24 21:30:00+01:00,0.0
2026-09-24 22:30:00+01:00,0.0
2026-09-24 23:30:00+01:00,0.0
2026-09-25 00:30:00+01:00,0.0
2026-09-25 01:30:00+01:00,0.0
2026-09-25 02:30:00+01:00,0.0
2026-09-25 03:30:00+01:00,0.0
2026-09-25 04:30:00+01:00,0.0
2026-09-25 05:30:00+01:00,0.0
2026-09-25 06:30:00+01:00,13.287612556338095
2026-09-25 07:30:00+01:00,120.4944895521336
2026-09-25 08:30:00+01:00,231.71232629759396
2026-09-25 09:30:00+01:00,324.7809457054017
2026-09-25 10:30:00+01:00,403.16582875528286
2026-09-25 11:30:00+01:00,436.4790656930578
2026-09-25 12:30:00+01:00,435.5683944987469
2026-09-25 13:30:00+01:00,406.98726420142526
2026-09-25 14:30:00+01:00,347.00048088616586
2026-09-25 15:30:00+01:00,260.2862842778144
2026-09-25 16:30:00+01:00,150.87388231745646
2026-09-25 17:30:00+01:00,37.743454961803735
2026-09-25 18:30:00+01:00,0.0
2026-09-25 19:30:00+01:00,0.0
2026-09-25 20:30:00+01:00,0.0
2026-09-25 21:30:00+01:00,0.0
2026-09-25 22:30:00+01:00,0.0
